Product Name,Brand,Original Price,Discounted Price,Discount,Rating,Reviews
Campus VIBGYOR Tan Men's Sports Running Shoes,Campus,1399,827,41% Off,4.2,893
AAVEAA Sneakers shoes White Men's Sports Running Shoes,AAVEAA,1999,453,77% Off,5.0,2
Campus FIRST Black Men's Sports Running Shoes,Campus,1899,1041,45% Off,4.2,5997
hotstyle Gray Men's Sports Running Shoes,hotstyle,2499,489,80% Off,4.0,1084
ASIAN SUPERSTAR-01 Black Men's Sports Running Shoes,ASIAN,2549,1009,60% Off,4.3,650
Clymb Gray Men's Sports Running Shoes,Clymb,2100,619,71% Off,4.1,623
Campus SIMBA PRO Gray Men's Sports Running Shoes,Campus,1599,975,39% Off,4.1,218
PENNEN Black Men's Sports Running Shoes,PENNEN,999,310,69% Off,4.0,11
ASIAN - OXYGEN-05 White Men's Sports Running Shoes,ASIAN,1999,849,58% Off,4.3,250
DUCKINS Blue Men's Sports Running Shoes,DUCKINS,1999,477,76% Off,3.9,156
Campus HURRICANE Gray Men's Sports Running Shoes,Campus,1699,807,53% Off,4.4,1788
JQR MIRAGE White Men's Sports Running Shoes,JQR,1699,770,55% Off,4.1,196
RVSFootwear Sports shoes Gray Training Shoes,RVSFootwear,1599,512,68% Off,4.1,52
ASIAN EVEREST-02 Dark Grey Men's Sports Running Shoes,ASIAN,2499,881,65% Off,4.3,234
Clymb Blue Men's Sports Running Shoes,Clymb,2100,508,76% Off,4.0,853
Campus MIKE (N) Black Men's Sports Running Shoes,Campus,1999,923,54% Off,4.2,4019
ASIAN TITAAN-06 Olive Men's Sports Running Shoes,ASIAN,1999,769,62% Off,4.4,1083
Campus STAVE Green Men's Sports Running Shoes,Campus,3199,1077,66% Off,5.0,2
DUCKINS Black Men's Sports Running Shoes,DUCKINS,999,457,54% Off,3.7,16
Cult Hyperion Blue Men's Sports Running Shoes,Cult,3009,1441,52% Off,4.5,76
Campus VIBGYOR Tan Men's Sports Running Shoes,Campus,1399,827,41% Off,4.2,893
hotstyle Gray Men's Sports Running Shoes,hotstyle,2499,489,80% Off,4.0,1084
Campus FIRST Black Men's Sports Running Shoes,Campus,1899,1041,45% Off,4.2,5997
Clymb Gray Men's Sports Running Shoes,Clymb,2100,619,71% Off,4.1,623
ASIAN - OXYGEN-05 White Men's Sports Running Shoes,ASIAN,1999,849,58% Off,4.3,250
AAVEAA Sneakers shoes White Men's Sports Running Shoes,AAVEAA,1999,453,77% Off,5.0,2
Campus SIMBA PRO Gray Men's Sports Running Shoes,Campus,1599,975,39% Off,4.1,218
DUCKINS Black Men's Sports Running Shoes,DUCKINS,999,457,54% Off,3.7,16
ASIAN POWERPLAY-29 Beige Men's Sports Running Shoes,ASIAN,2499,921,63% Off,4.3,356
Hotspot White Men's Sports Running Shoes,Hotspot,2249,531,76% Off,3.6,115
Cult Typhon White Men's Sports Running Shoes,Cult,3869,1687,56% Off,4.4,45
PENNEN Black Men's Sports Running Shoes,PENNEN,999,310,69% Off,4.0,11
RVSFootwear Sports shoes Gray Training Shoes,RVSFootwear,1599,512,68% Off,4.1,52
Campus HURRICANE Gray Men's Sports Running Shoes,Campus,1699,807,53% Off,4.4,1788
DUCKINS Beige Men's Sports Running Shoes,DUCKINS,1999,477,76% Off,4.1,206
Cult Quasar Black Men's Sports Running Shoes,Cult,4069,2061,49% Off,4.4,107
Clymb Blue Men's Sports Running Shoes,Clymb,2100,508,76% Off,4.0,853
ASIAN SUPERSTAR-01 Black Men's Sports Running Shoes,ASIAN,2549,1009,60% Off,4.3,650
DUCKINS Red Men's Sports Running Shoes,DUCKINS,999,457,54% Off,4.0,41
Cult StridePro Dark Grey Men's Sports Running Shoes,Cult,4099,1797,56% Off,5.0,2
Campus VIBGYOR Tan Men's Sports Running Shoes,Campus,1399,827,41% Off,4.2,893
ASIAN TITAAN-06 Olive Men's Sports Running Shoes,ASIAN,1999,769,62% Off,4.4,1083
Campus SIMBA PRO Gray Men's Sports Running Shoes,Campus,1599,975,39% Off,4.1,218
AAVEAA Sneakers shoes White Men's Sports Running Shoes,AAVEAA,1999,453,77% Off,5.0,2
ASIAN - OXYGEN-05 White Men's Sports Running Shoes,ASIAN,1999,849,58% Off,4.3,250
hotstyle Gray Men's Sports Running Shoes,hotstyle,2499,489,80% Off,4.0,1084
Campus FIRST Black Men's Sports Running Shoes,Campus,1899,1041,45% Off,4.2,5997
DUCKINS Blue Men's Sports Running Shoes,DUCKINS,1999,477,76% Off,3.9,156
ASIAN HYPERCUSHION-01 Off White Men's Sports Running Shoes,ASIAN,2899,1277,56% Off,4.2,227
JQR MIRAGE White Men's Sports Running Shoes,JQR,1699,770,55% Off,4.1,196
Campus ABACUS Gray Men's Sports Running Shoes,Campus,2299,1043,55% Off,4.3,918
Clymb Gray Men's Sports Running Shoes,Clymb,2100,619,71% Off,4.1,623
RVSFootwear Sports shoes Gray Training Shoes,RVSFootwear,1599,512,68% Off,4.1,52
ASIAN POWERPLAY-31 Off White Men's Sports Running Shoes,ASIAN,2499,921,63% Off,4.1,265
Bersache Red Men's Sports Running Shoes,Bersache,4999,754,85% Off,4.1,190
Cult Quasar Black Men's Sports Running Shoes,Cult,4069,2061,49% Off,4.4,107
Clymb Blue Men's Sports Running Shoes,Clymb,2100,508,76% Off,4.0,853
ASIAN SUPERSTAR-01 Multicolor Men's Sports Running Shoes,ASIAN,2549,1009,60% Off,4.3,650
Clymb Cosco White Men's Sports Running Shoes,Clymb,2499,508,80% Off,4.3,38
Cult StridePro Dark Grey Men's Sports Running Shoes,Cult,4099,1797,56% Off,5.0,2
Campus VIBGYOR Tan Men's Sports Running Shoes,Campus,1399,827,41% Off,4.2,893
DUCKINS White Men's Sports Running Shoes,DUCKINS,1999,477,76% Off,3.8,84
Campus FIRST Black Men's Sports Running Shoes,Campus,1899,1041,45% Off,4.2,5997
AAVEAA Sneakers shoes White Men's Sports Running Shoes,AAVEAA,1999,453,77% Off,5.0,2
ASIAN - OXYGEN-05 White Men's Sports Running Shoes,ASIAN,1999,849,58% Off,4.3,250
hotstyle Gray Men's Sports Running Shoes,hotstyle,2499,489,80% Off,4.0,1084
Campus SIMBA PRO Gray Men's Sports Running Shoes,Campus,1599,975,39% Off,4.1,218
Hotspot White Men's Sports Running Shoes,Hotspot,2249,531,76% Off,3.6,115
ASIAN POWERPLAY-29 Beige Men's Sports Running Shoes,ASIAN,2499,921,63% Off,4.3,356
Clymb Blue Men's Sports Running Shoes,Clymb,2100,508,76% Off,4.0,853
Campus HURRICANE Gray Men's Sports Running Shoes,Campus,1699,807,53% Off,4.4,1788
ASIAN WIND-04 Green Men's Sports Running Shoes,ASIAN,1299,580,55% Off,4.3,1205
RVSFootwear Sports shoes Gray Training Shoes,RVSFootwear,1599,512,68% Off,4.1,52
Cult Quasar Black Men's Sports Running Shoes,Cult,4069,2061,49% Off,4.4,107
DUCKINS Blue Men's Sports Running Shoes,DUCKINS,1999,477,76% Off,3.9,156
ASIAN EVEREST-02 Dark Grey Men's Sports Running Shoes,ASIAN,2499,881,65% Off,4.3,234
Clymb Black Men's Sports Running Shoes,Clymb,2100,524,75% Off,3.9,81
ASIAN HYPERCUSHION-01 Off White Men's Sports Running Shoes,ASIAN,2899,1277,56% Off,4.2,227
DUCKINS Beige Men's Sports Running Shoes,DUCKINS,1999,477,76% Off,4.1,206
ASIAN QUANTUM-21 Dark Grey Men's Sports Running Shoes,ASIAN,3299,1246,62% Off,4.4,10
Campus VIBGYOR Tan Men's Sports Running Shoes,Campus,1399,827,41% Off,4.2,893
hotstyle Gray Men's Sports Running Shoes,hotstyle,2499,489,80% Off,4.0,1084
Campus FIRST Black Men's Sports Running Shoes,Campus,1899,1041,45% Off,4.2,5997
Clymb Gray Men's Sports Running Shoes,Clymb,2100,619,71% Off,4.1,623
ASIAN - OXYGEN-05 White Men's Sports Running Shoes,ASIAN,1999,849,58% Off,4.3,250
AAVEAA Sneakers shoes White Men's Sports Running Shoes,AAVEAA,1999,453,77% Off,5.0,2
Campus SIMBA PRO Gray Men's Sports Running Shoes,Campus,1599,975,39% Off,4.1,218
DUCKINS Blue Men's Sports Running Shoes,DUCKINS,1999,477,76% Off,3.9,156
Cult Quasar Black Men's Sports Running Shoes,Cult,4069,2061,49% Off,4.4,107
Urbanbox Multicolor Men's Sports Running Shoes,Urbanbox,1999,628,69% Off,4.1,96
ASIAN EVEREST-02 Dark Grey Men's Sports Running Shoes,ASIAN,2499,881,65% Off,4.3,234
JK Port Sports Shoes for men Multi Color Men's Sports Running Shoes,JK,2999,593,80% Off,4.1,904
RVSFootwear Sports shoes Gray Training Shoes,RVSFootwear,1599,512,68% Off,4.1,52
Campus KRIVO White Men's Sports Running Shoes,Campus,2499,1099,56% Off,4.2,22
ASIAN SUPERFIT Blue Men's Sports Running Shoes,ASIAN,999,583,42% Off,4.1,3290
Campus HURRICANE Black Men's Sports Running Shoes,Campus,1699,807,53% Off,4.4,1788
Clymb Black Men's Sports Running Shoes,Clymb,2100,524,75% Off,3.9,81
ASIAN POWERPLAY-29 Beige Men's Sports Running Shoes,ASIAN,2499,921,63% Off,4.3,356
DUCKINS White Men's Sports Running Shoes,DUCKINS,1999,477,76% Off,3.8,84
ASIAN HYPRCUSHON CARBON-09 Black Men's Sports Running Shoes,ASIAN,3999,1500,62% Off,4.0,37
